2026-03-16_18-05-20,---,draft.go:2026-03-16_18-05-20
2026-03-17_16-42-59,0,draft.go:2026-03-17_16-42-59
2026-03-17_16-43-38,0,draft.go:2026-03-17_16-43-38
2026-03-17_16-44-15,0,draft.go:2026-03-17_16-44-15
2026-03-17_16-44-17,0,draft.go:2026-03-17_16-44-15
2026-03-17_16-46-11,0,draft.go:2026-03-17_16-46-11
2026-03-17_16-46-59,0,draft.go:2026-03-17_16-46-59
2026-03-17_16-47-28,0,draft.go:2026-03-17_16-47-28
2026-03-17_16-47-52,0,draft.go:2026-03-17_16-47-52
2026-03-17_16-48-41,0,draft.go:2026-03-17_16-47-52
2026-03-17_16-50-01,0,draft.go:2026-03-17_16-50-01
2026-03-17_16-50-02,0,draft.go:2026-03-17_16-50-02
2026-03-17_16-50-57,0,draft.go:2026-03-17_16-50-57
2026-03-17_16-51-03,6,draft.go:2026-03-17_16-51-03
2026-03-17_16-51-56,0,draft.go:2026-03-17_16-51-56
2026-03-17_16-52-24,100,draft.go:2026-03-17_16-52-24
