2026-04-14_17-32-51,0,draft.go:2026-04-14_17-32-51
2026-04-14_17-33-20,0,draft.go:2026-04-14_17-32-51
2026-04-14_17-33-26,0,draft.go:2026-04-14_17-33-26
2026-04-14_17-33-35,---,draft.go:2026-04-14_17-33-26
2026-04-14_17-39-57,0,draft.go:2026-04-14_17-39-57
2026-04-14_17-40-26,0,draft.go:2026-04-14_17-40-26
2026-04-14_17-40-27,0,draft.go:2026-04-14_17-40-27
2026-04-14_17-41-07,---,draft.go:2026-04-14_17-40-27
2026-04-14_17-42-06,0,draft.go:2026-04-14_17-42-06
2026-04-14_17-42-12,0,draft.go:2026-04-14_17-42-12
2026-04-14_17-45-28,0,draft.go:2026-04-14_17-45-28
2026-04-14_17-45-30,0,draft.go:2026-04-14_17-45-28
2026-04-14_17-46-16,0,draft.go:2026-04-14_17-46-16
2026-04-14_17-46-17,0,draft.go:2026-04-14_17-46-16
2026-04-14_17-48-12,0,draft.go:2026-04-14_17-48-12
2026-04-14_17-48-14,0,draft.go:2026-04-14_17-48-12
2026-04-14_17-48-20,0,draft.go:2026-04-14_17-48-12
2026-04-14_17-48-21,0,draft.go:2026-04-14_17-48-12
2026-04-14_17-48-48,0,draft.go:2026-04-14_17-48-12
2026-04-14_17-48-59,0,draft.go:2026-04-14_17-48-59
2026-04-14_17-49-01,0,draft.go:2026-04-14_17-48-59
2026-04-14_17-49-07,0,draft.go:2026-04-14_17-48-59
2026-04-14_17-49-47,0,draft.go:2026-04-14_17-49-47
2026-04-14_17-49-51,0,draft.go:2026-04-14_17-49-47
2026-04-14_17-50-04,0,draft.go:2026-04-14_17-50-04
2026-04-14_17-50-14,0,draft.go:2026-04-14_17-50-14
2026-04-14_17-50-17,0,draft.go:2026-04-14_17-50-14
2026-04-14_17-50-22,0,draft.go:2026-04-14_17-50-22
2026-04-14_17-50-24,0,draft.go:2026-04-14_17-50-22
2026-04-14_17-50-27,0,draft.go:2026-04-14_17-50-22
2026-04-14_17-51-06,0,draft.go:2026-04-14_17-51-06
2026-04-14_17-51-14,0,draft.go:2026-04-14_17-51-14
2026-04-14_17-51-22,0,draft.go:2026-04-14_17-51-22
2026-04-14_17-51-24,0,draft.go:2026-04-14_17-51-24
2026-04-14_17-51-33,0,draft.go:2026-04-14_17-51-33
2026-04-14_17-51-34,0,draft.go:2026-04-14_17-51-33
2026-04-14_17-51-35,0,draft.go:2026-04-14_17-51-33
2026-04-14_17-51-40,0,draft.go:2026-04-14_17-51-40
2026-04-14_17-51-42,0,draft.go:2026-04-14_17-51-40
2026-04-14_17-51-43,0,draft.go:2026-04-14_17-51-40
2026-04-14_17-51-47,0,draft.go:2026-04-14_17-51-47
2026-04-14_17-51-50,0,draft.go:2026-04-14_17-51-47
2026-04-14_17-51-51,0,draft.go:2026-04-14_17-51-47
2026-04-14_17-51-56,0,draft.go:2026-04-14_17-51-47
2026-04-14_17-51-57,0,draft.go:2026-04-14_17-51-57
2026-04-14_17-52-01,0,draft.go:2026-04-14_17-51-57
2026-04-14_17-52-03,0,draft.go:2026-04-14_17-52-03
2026-04-14_17-53-14,0,draft.go:2026-04-14_17-53-14
2026-04-14_17-53-24,0,draft.go:2026-04-14_17-53-24
2026-04-14_17-53-25,0,draft.go:2026-04-14_17-53-24
2026-04-14_17-53-26,0,draft.go:2026-04-14_17-53-24
2026-04-14_17-53-34,0,draft.go:2026-04-14_17-53-34
2026-04-14_17-53-35,0,draft.go:2026-04-14_17-53-35
2026-04-14_17-53-36,0,draft.go:2026-04-14_17-53-35
2026-04-14_17-53-56,0,draft.go:2026-04-14_17-53-56
2026-04-14_17-56-31,0,draft.go:2026-04-14_17-56-31
2026-04-14_17-56-32,0,draft.go:2026-04-14_17-56-31
2026-04-14_17-56-56,0,draft.go:2026-04-14_17-56-56
2026-04-14_17-57-13,0,draft.go:2026-04-14_17-57-13
2026-04-14_18-03-35,0,draft.go:2026-04-14_17-57-13
2026-04-14_18-04-39,0,draft.go:2026-04-14_18-04-39
2026-04-14_18-04-40,0,draft.go:2026-04-14_18-04-40
2026-04-14_18-10-12,0,draft.go:2026-04-14_18-10-12
2026-04-14_18-10-14,0,draft.go:2026-04-14_18-10-12
2026-04-14_18-10-14,0,draft.go:2026-04-14_18-10-12
2026-04-14_18-15-51,0,draft.go:2026-04-14_18-10-12
2026-04-28_17-39-27,0,draft.go:2026-04-14_18-10-12
2026-04-28_17-39-40,0,draft.go:2026-04-28_17-39-40
2026-04-28_17-39-56,0,draft.go:2026-04-28_17-39-56
2026-04-28_17-40-14,0,draft.go:2026-04-28_17-40-14
2026-04-28_17-40-19,0,draft.go:2026-04-28_17-40-14
2026-04-28_17-40-25,0,draft.go:2026-04-28_17-40-25
2026-04-28_17-41-00,0,draft.go:2026-04-28_17-40-25
2026-04-28_17-41-21,0,draft.go:2026-04-28_17-41-21
2026-04-28_17-41-28,0,draft.go:2026-04-28_17-41-28
2026-04-28_17-41-36,0,draft.go:2026-04-28_17-41-28
2026-04-28_17-43-35,0,draft.go:2026-04-28_17-43-35
2026-04-28_17-43-54,75,draft.go:2026-04-28_17-43-54
2026-04-28_17-45-43,100,draft.go:2026-04-28_17-45-43
