2026-05-12_15-26-10,0,draft.go:2026-05-12_15-26-10
2026-05-12_15-28-46,0,draft.go:2026-05-12_15-28-46
2026-05-12_15-28-56,0,draft.go:2026-05-12_15-28-56
2026-05-12_15-29-09,0,draft.go:2026-05-12_15-29-09
2026-05-12_15-29-23,0,draft.go:2026-05-12_15-29-23
2026-05-12_15-29-42,0,draft.go:2026-05-12_15-29-42
2026-05-12_15-31-01,0,draft.go:2026-05-12_15-31-01
2026-05-12_15-31-13,0,draft.go:2026-05-12_15-31-13
2026-05-12_15-32-21,0,draft.go:2026-05-12_15-32-21
2026-05-12_15-33-06,0,draft.go:2026-05-12_15-33-06
2026-05-12_15-33-22,75,draft.go:2026-05-12_15-33-22
2026-05-12_15-34-01,75,draft.go:2026-05-12_15-34-01
2026-05-12_15-34-07,25,draft.go:2026-05-12_15-34-07
2026-05-12_15-34-15,75,draft.go:2026-05-12_15-34-15
2026-05-12_15-36-28,25,draft.go:2026-05-12_15-36-28
2026-05-12_15-40-11,25,draft.go:2026-05-12_15-40-11
2026-05-12_15-40-31,100,draft.go:2026-05-12_15-40-31
2026-06-03_16-28-46,100,draft.go:2026-05-12_15-40-31
2026-06-03_16-28-50,---,draft.go:2026-05-12_15-40-31
2026-06-15_16-53-05,100,draft.go:2026-05-12_15-40-31
